{"num_nodes": 3, "node_type": "RNN", "bidirectional": true, "training_time": 1119.7225568294525, "test_accuracy": 0.8316666483879089, "epoch_history": {"loss": [0.48520487546920776, 0.415042906999588, 0.40539488196372986, 0.39795419573783875, 0.3905533254146576, 0.38569992780685425, 0.3785845637321472, 0.36645421385765076, 0.3874034881591797, 0.3769173324108124, 0.36852213740348816, 0.3802593946456909, 0.3622894287109375, 0.36710113286972046], "accuracy": [0.7772592306137085, 0.8159258961677551, 0.8210370540618896, 0.8257777690887451, 0.8281481266021729, 0.8275926113128662, 0.8337036967277527, 0.8414074182510376, 0.8298147916793823, 0.8361481428146362, 0.8378518223762512, 0.8319259285926819, 0.840666651725769, 0.8388518691062927], "val_loss": [0.42134374380111694, 0.42403125762939453, 0.4149303436279297, 0.3968437612056732, 0.4048105478286743, 0.4011959731578827, 0.39851757884025574, 0.38088932633399963, 0.40833789110183716, 0.41085416078567505, 0.38295313715934753, 0.3987962305545807, 0.3970305919647217, 0.3934648334980011], "val_accuracy": [0.8109999895095825, 0.7993333339691162, 0.8113333582878113, 0.8273333311080933, 0.8186666369438171, 0.8236666917800903, 0.8299999833106995, 0.8316666483879089, 0.8206666707992554, 0.8263333439826965, 0.828000009059906, 0.8203333616256714, 0.8226666450500488, 0.8113333582878113]}}