{"num_nodes": 1, "node_type": "GRU", "bidirectional": true, "training_time": 518.1771178245544, "test_accuracy": 0.8479999899864197, "epoch_history": {"loss": [0.41221439838409424, 0.360729455947876, 0.34363889694213867, 0.327976793050766, 0.31148242950439453, 0.2930638790130615, 0.2653507590293884, 0.2249242216348648, 0.17345520853996277, 0.11608568578958511, 0.07248970866203308, 0.03743613511323929], "accuracy": [0.8065555691719055, 0.8361111283302307, 0.8484073877334595, 0.8550740480422974, 0.8634074330329895, 0.8711481690406799, 0.8881852030754089, 0.9078148007392883, 0.930814802646637, 0.9549259543418884, 0.9737407565116882, 0.9882222414016724], "val_loss": [0.38728514313697815, 0.3569146990776062, 0.3503066301345825, 0.3465000092983246, 0.34570571780204773, 0.3436051309108734, 0.3626308739185333, 0.3952617049217224, 0.45159831643104553, 0.5779387950897217, 0.6545436382293701, 0.7939980626106262], "val_accuracy": [0.8246666789054871, 0.8389999866485596, 0.8453333377838135, 0.8399999737739563, 0.8446666598320007, 0.8479999899864197, 0.8410000205039978, 0.8386666774749756, 0.831333339214325, 0.8289999961853027, 0.8203333616256714, 0.8246666789054871]}}