{"num_nodes": 1, "node_type": "RNN", "bidirectional": true, "training_time": 245.87025380134583, "test_accuracy": 0.8326666951179504, "epoch_history": {"loss": [0.4636317193508148, 0.40345826745033264, 0.37725022435188293, 0.35922086238861084, 0.34162572026252747, 0.3281710743904114, 0.31541985273361206, 0.3054388165473938, 0.2884419560432434], "accuracy": [0.7852592468261719, 0.8188518285751343, 0.8325926065444946, 0.8401481509208679, 0.850777804851532, 0.8585185408592224, 0.8628518581390381, 0.8697037100791931, 0.8771851658821106], "val_loss": [0.41606444120407104, 0.42999282479286194, 0.3825852870941162, 0.3916080594062805, 0.40176889300346375, 0.4070800840854645, 0.40207162499427795, 0.4033053517341614, 0.4102480411529541], "val_accuracy": [0.8086666464805603, 0.8140000104904175, 0.8259999752044678, 0.824999988079071, 0.8233333230018616, 0.8326666951179504, 0.8273333311080933, 0.8190000057220459, 0.8196666836738586]}}