{"num_nodes": 2, "node_type": "RNN", "bidirectional": false, "training_time": 314.88351249694824, "test_accuracy": 0.8306666612625122, "epoch_history": {"loss": [0.4911462664604187, 0.43938302993774414, 0.4010113477706909, 0.3966391682624817, 0.3798341155052185, 0.3746931552886963, 0.35927069187164307, 0.3423650860786438, 0.338959276676178, 0.330657035112381], "accuracy": [0.7758148312568665, 0.8052592873573303, 0.8216296434402466, 0.8286666870117188, 0.8337036967277527, 0.8370741009712219, 0.8460740447044373, 0.8534444570541382, 0.8552963137626648, 0.8614814877510071], "val_loss": [0.4642714858055115, 0.4105449318885803, 0.39894139766693115, 0.3934166729450226, 0.39668816328048706, 0.4076002538204193, 0.4207604229450226, 0.3984414041042328, 0.4251191318035126, 0.41128191351890564], "val_accuracy": [0.7806666493415833, 0.8203333616256714, 0.8259999752044678, 0.8223333358764648, 0.8253333568572998, 0.8190000057220459, 0.8230000138282776, 0.8306666612625122, 0.8130000233650208, 0.8206666707992554]}}