{"num_nodes": 1, "node_type": "LSTM", "bidirectional": false, "training_time": 391.4980845451355, "test_accuracy": 0.8426666855812073, "epoch_history": {"loss": [0.4168478846549988, 0.3709988296031952, 0.3605877459049225, 0.34503066539764404, 0.3358345627784729, 0.3222561478614807, 0.3090498447418213, 0.29003602266311646, 0.26581871509552, 0.23372004926204681, 0.19526229798793793, 0.1588599532842636], "accuracy": [0.8069259524345398, 0.8335555791854858, 0.8393333554267883, 0.8488888740539551, 0.8517037034034729, 0.8598148226737976, 0.8662222027778625, 0.8756296038627625, 0.8866666555404663, 0.9020740985870361, 0.9188518524169922, 0.9367407560348511], "val_loss": [0.3830214738845825, 0.38180404901504517, 0.36353060603141785, 0.362897127866745, 0.3628925681114197, 0.35035350918769836, 0.35292869806289673, 0.3672027885913849, 0.4076237082481384, 0.4035758376121521, 0.44728028774261475, 0.47678449749946594], "val_accuracy": [0.8289999961853027, 0.8320000171661377, 0.8383333086967468, 0.8410000205039978, 0.8403333425521851, 0.8426666855812073, 0.8393333554267883, 0.8370000123977661, 0.8336666822433472, 0.8356666564941406, 0.8410000205039978, 0.8263333439826965]}}