{"num_nodes": 3, "node_type": "LSTM", "bidirectional": true, "training_time": 1323.7183003425598, "test_accuracy": 0.8543333411216736, "epoch_history": {"loss": [0.41481974720954895, 0.36703768372535706, 0.35152488946914673, 0.3347843587398529, 0.3224911689758301, 0.303285151720047, 0.2842385470867157, 0.25425252318382263, 0.21870677173137665, 0.17686212062835693, 0.12840284407138824], "accuracy": [0.8065555691719055, 0.8350370526313782, 0.8448148369789124, 0.854962944984436, 0.8606296181678772, 0.8706666827201843, 0.8802222013473511, 0.8929259181022644, 0.9108889102935791, 0.9320370554924011, 0.9504073858261108], "val_loss": [0.37868618965148926, 0.3774186074733734, 0.3532799482345581, 0.36788997054100037, 0.3478453755378723, 0.3779674470424652, 0.3673844337463379, 0.40251660346984863, 0.40366700291633606, 0.4787135422229767, 0.5579310059547424], "val_accuracy": [0.8299999833106995, 0.8343333601951599, 0.8423333168029785, 0.843666672706604, 0.8463333249092102, 0.8376666903495789, 0.8543333411216736, 0.8383333086967468, 0.8326666951179504, 0.8370000123977661, 0.8323333263397217]}}