{"num_nodes": 2, "node_type": "LSTM", "bidirectional": true, "training_time": 886.7503838539124, "test_accuracy": 0.8479999899864197, "epoch_history": {"loss": [0.4073368012905121, 0.3674995005130768, 0.3498833179473877, 0.3344367742538452, 0.32439476251602173, 0.3028005063533783, 0.2809754014015198, 0.2497413158416748, 0.21121752262115479, 0.16593554615974426, 0.11606112867593765], "accuracy": [0.811296284198761, 0.8341481685638428, 0.845296323299408, 0.8539629578590393, 0.8576666712760925, 0.8692222237586975, 0.8787407279014587, 0.8979259133338928, 0.9134814739227295, 0.93492591381073, 0.9557036757469177], "val_loss": [0.3793860673904419, 0.36330142617225647, 0.3499114513397217, 0.3504999876022339, 0.348469078540802, 0.3667806088924408, 0.36164161562919617, 0.3701786994934082, 0.44429197907447815, 0.48106899857521057, 0.5563574433326721], "val_accuracy": [0.828000009059906, 0.8376666903495789, 0.8420000076293945, 0.8479999899864197, 0.8420000076293945, 0.846666693687439, 0.8456666469573975, 0.8453333377838135, 0.8379999995231628, 0.8383333086967468, 0.8243333101272583]}}