{"num_nodes": 2, "node_type": "GRU", "bidirectional": false, "training_time": 644.2709941864014, "test_accuracy": 0.8473333120346069, "epoch_history": {"loss": [0.42540934681892395, 0.3684476315975189, 0.35615697503089905, 0.3407183885574341, 0.3283146023750305, 0.31468185782432556, 0.2972525358200073, 0.2743212580680847, 0.2444341778755188, 0.20885781943798065], "accuracy": [0.8015555739402771, 0.8348888754844666, 0.8423333168029785, 0.8513333201408386, 0.8562222123146057, 0.8627036809921265, 0.870888888835907, 0.8828148245811462, 0.8959629535675049, 0.9134814739227295], "val_loss": [0.3810540437698364, 0.3580813705921173, 0.35214388370513916, 0.34717774391174316, 0.35475456714630127, 0.3562239706516266, 0.37959927320480347, 0.369223952293396, 0.40437987446784973, 0.4326874911785126], "val_accuracy": [0.8346666693687439, 0.8423333168029785, 0.8416666388511658, 0.8446666598320007, 0.8473333120346069, 0.8443333506584167, 0.8339999914169312, 0.8349999785423279, 0.8306666612625122, 0.8323333263397217]}}