{"num_nodes": 3, "node_type": "GRU", "bidirectional": false, "training_time": 1131.507125377655, "test_accuracy": 0.8476666808128357, "epoch_history": {"loss": [0.4283505380153656, 0.376629114151001, 0.35537078976631165, 0.3423726260662079, 0.3321297764778137, 0.315033495426178, 0.30096203088760376, 0.2807937562465668, 0.24845834076404572, 0.212924987077713, 0.17517122626304626, 0.13200166821479797], "accuracy": [0.8017777800559998, 0.8325185179710388, 0.8412963151931763, 0.8489259481430054, 0.8528518676757812, 0.8628518581390381, 0.8707777857780457, 0.8788518309593201, 0.894444465637207, 0.9118888974189758, 0.9285555481910706, 0.9483333230018616], "val_loss": [0.3734147250652313, 0.3809329569339752, 0.3540937602519989, 0.3477291762828827, 0.35391470789909363, 0.34573861956596375, 0.3484973907470703, 0.3699430227279663, 0.3956383466720581, 0.40541017055511475, 0.4741731882095337, 0.5199205875396729], "val_accuracy": [0.8389999866485596, 0.8309999704360962, 0.8420000076293945, 0.8476666808128357, 0.8416666388511658, 0.843999981880188, 0.8463333249092102, 0.8433333039283752, 0.8410000205039978, 0.8296666741371155, 0.8303333520889282, 0.8296666741371155]}}