{"num_nodes": 1, "node_type": "LSTM", "bidirectional": true, "training_time": 422.25419569015503, "test_accuracy": 0.843999981880188, "epoch_history": {"loss": [0.4057801067829132, 0.36750027537345886, 0.35011357069015503, 0.33323654532432556, 0.31760263442993164, 0.2988258898258209, 0.2731965482234955, 0.2371356338262558, 0.19354893267154694, 0.14444249868392944], "accuracy": [0.8118518590927124, 0.8345555663108826, 0.8449259400367737, 0.8528888821601868, 0.8605555295944214, 0.8708148002624512, 0.8834074139595032, 0.9006296396255493, 0.9217036962509155, 0.9435555338859558], "val_loss": [0.3761666715145111, 0.368220716714859, 0.3558001220226288, 0.3503020703792572, 0.35790884494781494, 0.36738768219947815, 0.36851269006729126, 0.40453776717185974, 0.42060938477516174, 0.5045560002326965], "val_accuracy": [0.8349999785423279, 0.8276666402816772, 0.8376666903495789, 0.843999981880188, 0.8356666564941406, 0.8366666436195374, 0.8403333425521851, 0.8433333039283752, 0.8399999737739563, 0.8309999704360962]}}