{"num_nodes": 1, "node_type": "RNN", "bidirectional": false, "training_time": 183.34530758857727, "test_accuracy": 0.8246666789054871, "epoch_history": {"loss": [0.46136733889579773, 0.4057958722114563, 0.39807429909706116, 0.3768658936023712, 0.36117348074913025, 0.3458051085472107, 0.3342685103416443, 0.32989150285720825, 0.31010374426841736, 0.29627206921577454, 0.2843210995197296], "accuracy": [0.7896666526794434, 0.8201851844787598, 0.8257777690887451, 0.834851861000061, 0.8416666388511658, 0.8515926003456116, 0.8579259514808655, 0.8573703765869141, 0.8680370450019836, 0.8769999742507935, 0.8804073929786682], "val_loss": [0.41225194931030273, 0.41895899176597595, 0.40844401717185974, 0.4192812442779541, 0.39263084530830383, 0.40446290373802185, 0.4104563891887665, 0.41261589527130127, 0.4410227835178375, 0.42822006344795227, 0.46661263704299927], "val_accuracy": [0.8159999847412109, 0.8029999732971191, 0.8159999847412109, 0.8183333277702332, 0.8199999928474426, 0.8246666789054871, 0.8169999718666077, 0.8193333148956299, 0.8199999928474426, 0.8103333115577698, 0.8166666626930237]}}