{"num_nodes": 3, "node_type": "GRU", "bidirectional": true, "training_time": 1251.157041311264, "test_accuracy": 0.847000002861023, "epoch_history": {"loss": [0.4179006814956665, 0.36875101923942566, 0.34603697061538696, 0.3331851065158844, 0.31835073232650757, 0.29604029655456543, 0.2709495425224304, 0.23600097000598907, 0.19134750962257385, 0.13614030182361603], "accuracy": [0.8052592873573303, 0.8364444375038147, 0.8484814763069153, 0.8539629578590393, 0.8621110916137695, 0.8718147873878479, 0.8848147988319397, 0.9020740985870361, 0.9220740795135498, 0.9461110830307007], "val_loss": [0.3732747435569763, 0.35974544286727905, 0.3590097725391388, 0.35435351729393005, 0.3732258975505829, 0.3625618517398834, 0.3731217384338379, 0.41572004556655884, 0.4465595781803131, 0.534214198589325], "val_accuracy": [0.8303333520889282, 0.8373333215713501, 0.8389999866485596, 0.8389999866485596, 0.8333333134651184, 0.847000002861023, 0.8429999947547913, 0.8379999995231628, 0.8323333263397217, 0.8270000219345093]}}