{"num_nodes": 2, "node_type": "GRU", "bidirectional": true, "training_time": 824.6316013336182, "test_accuracy": 0.8446666598320007, "epoch_history": {"loss": [0.4104943573474884, 0.36383500695228577, 0.3469283878803253, 0.3303943872451782, 0.31203943490982056, 0.292888879776001, 0.26263341307640076, 0.224733367562294, 0.17505541443824768, 0.12196719646453857], "accuracy": [0.8115555644035339, 0.8364074230194092, 0.8458148241043091, 0.8536296486854553, 0.863703727722168, 0.8727777600288391, 0.8897407650947571, 0.906074047088623, 0.9290000200271606, 0.9520740509033203], "val_loss": [0.3629218637943268, 0.357728511095047, 0.35053712129592896, 0.345723956823349, 0.35039907693862915, 0.3668694794178009, 0.3728157579898834, 0.3936341106891632, 0.4528522193431854, 0.5577310919761658], "val_accuracy": [0.8399999737739563, 0.8410000205039978, 0.8420000076293945, 0.843999981880188, 0.8446666598320007, 0.8416666388511658, 0.8420000076293945, 0.8393333554267883, 0.8353333473205566, 0.8233333230018616]}}