{"num_nodes": 3, "node_type": "LSTM", "bidirectional": false, "training_time": 987.4116599559784, "test_accuracy": 0.8450000286102295, "epoch_history": {"loss": [0.4211292564868927, 0.3775588870048523, 0.3608931601047516, 0.34950992465019226, 0.33506935834884644, 0.32385119795799255, 0.30846962332725525, 0.29095765948295593, 0.2656918466091156, 0.2337011694908142, 0.19759726524353027], "accuracy": [0.8037407398223877, 0.8324815034866333, 0.8402962684631348, 0.8460740447044373, 0.8554444313049316, 0.8589259386062622, 0.8672592639923096, 0.876629650592804, 0.8880741000175476, 0.9041481614112854, 0.9197777509689331], "val_loss": [0.408998042345047, 0.3691178262233734, 0.35689258575439453, 0.3617793023586273, 0.349588543176651, 0.35787174105644226, 0.3608303964138031, 0.35952603816986084, 0.3761953115463257, 0.40245702862739563, 0.425983726978302], "val_accuracy": [0.8076666593551636, 0.8373333215713501, 0.8420000076293945, 0.840666651725769, 0.8450000286102295, 0.8416666388511658, 0.8426666855812073, 0.8386666774749756, 0.8376666903495789, 0.8316666483879089, 0.8306666612625122]}}