{"num_nodes": 1, "node_type": "GRU", "bidirectional": false, "training_time": 375.44890809059143, "test_accuracy": 0.8496666550636292, "epoch_history": {"loss": [0.41951894760131836, 0.369352787733078, 0.35143887996673584, 0.34070152044296265, 0.330632746219635, 0.3145543336868286, 0.30113598704338074, 0.2785498797893524, 0.25161370635032654, 0.21360966563224792, 0.1693694293498993], "accuracy": [0.8036296367645264, 0.8346666693687439, 0.8427407145500183, 0.847777783870697, 0.8561851978302002, 0.8625184893608093, 0.8688148260116577, 0.8815555572509766, 0.892296314239502, 0.911481499671936, 0.9307777881622314], "val_loss": [0.3786354064941406, 0.3672643303871155, 0.3538352847099304, 0.38608333468437195, 0.3454485535621643, 0.34900975227355957, 0.3561197817325592, 0.36824023723602295, 0.3675384223461151, 0.40565037727355957, 0.46700456738471985], "val_accuracy": [0.8266666531562805, 0.8316666483879089, 0.8403333425521851, 0.8309999704360962, 0.8496666550636292, 0.8429999947547913, 0.8460000157356262, 0.8399999737739563, 0.8346666693687439, 0.8356666564941406, 0.8393333554267883]}}