{"num_nodes": 3, "node_type": "RNN", "bidirectional": false, "training_time": 582.6162712574005, "test_accuracy": 0.8333333134651184, "epoch_history": {"loss": [0.49026381969451904, 0.4386948049068451, 0.4215550422668457, 0.4030679166316986, 0.3991033732891083, 0.39293453097343445, 0.3872242569923401, 0.39955028891563416, 0.4712131917476654, 0.40646129846572876, 0.443143367767334, 0.41505077481269836, 0.3922293782234192], "accuracy": [0.7729629874229431, 0.8008888959884644, 0.8110370635986328, 0.8224814534187317, 0.8256666660308838, 0.825592577457428, 0.8305185437202454, 0.8267407417297363, 0.7801851630210876, 0.8224444389343262, 0.8018518686294556, 0.8175926208496094, 0.82833331823349], "val_loss": [0.4208730459213257, 0.4091048240661621, 0.3937591016292572, 0.3995937407016754, 0.4290423095226288, 0.4343528747558594, 0.3875924348831177, 0.5015937685966492, 0.4109362065792084, 0.3904830813407898, 0.42300519347190857, 0.4094133973121643, 0.39737173914909363], "val_accuracy": [0.8173333406448364, 0.815666675567627, 0.82833331823349, 0.8196666836738586, 0.8069999814033508, 0.8190000057220459, 0.8273333311080933, 0.7883333563804626, 0.8236666917800903, 0.8273333311080933, 0.8146666884422302, 0.8223333358764648, 0.8333333134651184]}}