{"num_nodes": 2, "node_type": "LSTM", "bidirectional": false, "training_time": 714.6438097953796, "test_accuracy": 0.8463333249092102, "epoch_history": {"loss": [0.42239099740982056, 0.37713316082954407, 0.3614058792591095, 0.345319002866745, 0.33394742012023926, 0.3215394914150238, 0.3034965991973877, 0.2854725122451782, 0.2590605616569519, 0.2305375039577484, 0.19046838581562042], "accuracy": [0.8054444193840027, 0.831333339214325, 0.839888870716095, 0.849481463432312, 0.8556296229362488, 0.8591111302375793, 0.867814838886261, 0.8784815073013306, 0.8921852111816406, 0.9041110873222351, 0.9220740795135498], "val_loss": [0.38349154591560364, 0.3857167959213257, 0.3643743395805359, 0.3725292980670929, 0.35067513585090637, 0.3519043028354645, 0.3573535084724426, 0.35616829991340637, 0.3723050057888031, 0.39451074600219727, 0.4601083993911743], "val_accuracy": [0.831333339214325, 0.8320000171661377, 0.8379999995231628, 0.8346666693687439, 0.8450000286102295, 0.8463333249092102, 0.843666672706604, 0.8416666388511658, 0.840666651725769, 0.8403333425521851, 0.8289999961853027]}}