{"num_nodes": 2, "node_type": "RNN", "bidirectional": true, "training_time": 643.4893956184387, "test_accuracy": 0.8320000171661377, "epoch_history": {"loss": [0.47420355677604675, 0.4112948477268219, 0.3850216269493103, 0.3715571463108063, 0.3739089369773865, 0.35116833448410034, 0.3579154312610626, 0.4148370325565338, 0.3847331404685974, 0.3717430531978607, 0.3590323328971863, 0.34829992055892944], "accuracy": [0.782703697681427, 0.8165185451507568, 0.8270740509033203, 0.8359259366989136, 0.8367407321929932, 0.8462592363357544, 0.8440740704536438, 0.814037024974823, 0.8309259414672852, 0.8381481766700745, 0.8452592492103577, 0.8500370383262634], "val_loss": [0.41465428471565247, 0.397112637758255, 0.4025039076805115, 0.3946666717529297, 0.3908144533634186, 0.3900618553161621, 0.4058248698711395, 0.43486979603767395, 0.39977407455444336, 0.4196074306964874, 0.3937695324420929, 0.3937115967273712], "val_accuracy": [0.8130000233650208, 0.8213333487510681, 0.8169999718666077, 0.8209999799728394, 0.8216666579246521, 0.8203333616256714, 0.8220000267028809, 0.793666660785675, 0.8256666660308838, 0.8193333148956299, 0.8320000171661377, 0.8236666917800903]}}